cohort,representation,k,metric,cluster,mean,median,q05,q95,n_boot_effective
Primary eligible cohort,clr,2,global_pairwise_agreement,ALL,0.987663928304705,1.0,0.9253174010455564,1.0,500
Primary eligible cohort,clr,2,cluster_jaccard,C1,0.9699672727272728,1.0,0.8181818181818182,1.0,500
Primary eligible cohort,clr,2,cluster_jaccard,C2,0.9922106703146374,1.0,0.9534883720930232,1.0,500
Primary eligible cohort,raw,2,global_pairwise_agreement,ALL,0.913457430918596,0.943427931292009,0.697862210604929,1.0,500
Primary eligible cohort,raw,2,cluster_jaccard,C1,0.9394528334170084,0.961275816122585,0.7835051546391752,1.0,500
Primary eligible cohort,raw,2,cluster_jaccard,C2,0.8361024355841639,0.8980414746543779,0.509090909090909,1.0,500
Primary eligible cohort,clr,3,global_pairwise_agreement,ALL,0.9815892457057503,1.0,0.904406273338312,1.0,500
Primary eligible cohort,clr,3,cluster_jaccard,C1,0.8331666666666667,1.0,0.0833333333333333,1.0,500
Primary eligible cohort,clr,3,cluster_jaccard,C2,0.978975,1.0,0.9,1.0,500
Primary eligible cohort,clr,3,cluster_jaccard,C3,0.9862918367346938,1.0,0.9285714285714286,1.0,500
Primary eligible cohort,raw,3,global_pairwise_agreement,ALL,0.805144137415982,0.8020911127707244,0.6022591486183719,1.0,500
Primary eligible cohort,raw,3,cluster_jaccard,C1,0.8218075183300695,0.8620689655172413,0.564631507775524,1.0,500
Primary eligible cohort,raw,3,cluster_jaccard,C2,0.6249358203451446,0.5416666666666666,0.2916666666666667,1.0,500
Primary eligible cohort,raw,3,cluster_jaccard,C3,0.6086657571634928,0.8333333333333334,0.1020408163265306,1.0,500
Primary eligible cohort,clr,4,global_pairwise_agreement,ALL,0.9880250186706498,1.0,0.969380134428678,1.0,500
Primary eligible cohort,clr,4,cluster_jaccard,C1,0.9506666666666668,1.0,0.6666666666666666,1.0,500
Primary eligible cohort,clr,4,cluster_jaccard,C2,1.0,1.0,1.0,1.0,500
Primary eligible cohort,clr,4,cluster_jaccard,C3,0.9861,1.0,0.975,1.0,500
Primary eligible cohort,clr,4,cluster_jaccard,C4,0.8294482164617047,1.0,0.025,1.0,500
Primary eligible cohort,raw,4,global_pairwise_agreement,ALL,0.8207214339058999,0.8015309932785661,0.6654219566840927,1.0,500
Primary eligible cohort,raw,4,cluster_jaccard,C1,0.7571555151624222,0.765625,0.5102040816326531,1.0,500
Primary eligible cohort,raw,4,cluster_jaccard,C2,0.7197725167437207,0.711864406779661,0.3938076416337285,1.0,500
Primary eligible cohort,raw,4,cluster_jaccard,C3,0.8444674827479546,1.0,0.277046783625731,1.0,500
Primary eligible cohort,raw,4,cluster_jaccard,C4,0.7773683505570025,0.8571428571428571,0.3043478260869565,1.0,500
Primary eligible cohort,clr,5,global_pairwise_agreement,ALL,0.9137569081404032,1.0,0.7130787901418969,1.0,500
Primary eligible cohort,clr,5,cluster_jaccard,C1,0.8439833333333333,1.0,0.3333333333333333,1.0,500
Primary eligible cohort,clr,5,cluster_jaccard,C2,0.9194808753690152,1.0,0.6666666666666666,1.0,500
Primary eligible cohort,clr,5,cluster_jaccard,C3,0.9996,1.0,1.0,1.0,500
Primary eligible cohort,clr,5,cluster_jaccard,C4,0.8850958880550344,1.0,0.5512820512820513,1.0,500
Primary eligible cohort,clr,5,cluster_jaccard,C5,0.8828139717036656,1.0,0.0555555555555555,1.0,500
Primary eligible cohort,raw,5,global_pairwise_agreement,ALL,0.9464510828976848,0.9740477968633308,0.7871545929798357,1.0,500
Primary eligible cohort,raw,5,cluster_jaccard,C1,0.95050645009169,0.9615384615384616,0.8061290322580645,1.0,500
Primary eligible cohort,raw,5,cluster_jaccard,C2,0.900903335437676,0.96,0.56,1.0,500
Primary eligible cohort,raw,5,cluster_jaccard,C3,0.8602889347240988,0.9473684210526316,0.3681818181818181,1.0,500
Primary eligible cohort,raw,5,cluster_jaccard,C4,0.9621955862764688,1.0,0.8273809523809528,1.0,500
Primary eligible cohort,raw,5,cluster_jaccard,C5,0.9465816225547684,1.0,0.5431818181818183,1.0,500
Primary eligible cohort,clr,6,global_pairwise_agreement,ALL,0.8770884988797611,0.8648244958924571,0.7463405526512322,1.0,500
Primary eligible cohort,clr,6,cluster_jaccard,C1,0.9068,1.0,0.3333333333333333,1.0,500
Primary eligible cohort,clr,6,cluster_jaccard,C2,0.953,1.0,0.6666666666666666,1.0,500
Primary eligible cohort,clr,6,cluster_jaccard,C3,0.7864942377723844,0.8,0.4850649350649351,1.0,500
Primary eligible cohort,clr,6,cluster_jaccard,C4,0.9955555555555556,1.0,1.0,1.0,500
Primary eligible cohort,clr,6,cluster_jaccard,C5,0.717174574133264,0.6764705882352942,0.3478260869565217,1.0,500
Primary eligible cohort,clr,6,cluster_jaccard,C6,0.8934435410449896,1.0,0.105,1.0,500
Primary eligible cohort,raw,6,global_pairwise_agreement,ALL,0.8926486183719193,0.8823749066467512,0.808037714712472,0.9902912621359224,500
Primary eligible cohort,raw,6,cluster_jaccard,C1,0.9021574867501622,0.9230769230769232,0.7692307692307693,1.0,500
Primary eligible cohort,raw,6,cluster_jaccard,C2,0.6981376484419966,0.6976744186046512,0.4,0.972972972972973,500
Primary eligible cohort,raw,6,cluster_jaccard,C3,0.5943289999062058,0.5882352941176471,0.26,1.0,500
Primary eligible cohort,raw,6,cluster_jaccard,C4,0.7279811575553959,0.7777777777777778,0.3684210526315789,1.0,500
Primary eligible cohort,raw,6,cluster_jaccard,C5,0.9749419968919968,1.0,0.8333333333333334,1.0,500
Primary eligible cohort,raw,6,cluster_jaccard,C6,0.9366994505494506,1.0,0.6666666666666666,1.0,500
