scenario,model,replicate,parameter,true_value,posterior_mean,hdi_low,hdi_high,error,squared_error,covered_95,divergences
null,M_0,0,mu_0,0.25,0.11930542147889983,-0.0825556688007291,0.2937174177263597,-0.13069457852110017,0.01708107285480802,1,0
null,M_0,0,theta_0,0.0,-0.24433461139129128,-0.6317198910184019,0.09122376772777727,-0.24433461139129128,0.05969940232373333,1,0
null,M_0,0,sigma_proc,0.3,0.30148989533188625,0.2732778279346105,0.3316284233775279,0.0014898953318862596,2.2197880999764677e-06,1,0
null,M_0,1,mu_0,0.25,0.05829109938757442,-0.16676461048406158,0.2681925147882806,-0.19170890061242557,0.03675230257402486,1,0
null,M_0,1,theta_0,0.0,-0.43442260814694206,-0.8367427594306015,-0.037293274514877864,-0.43442260814694206,0.18872300246919158,0,0
null,M_0,1,sigma_proc,0.3,0.28078443144776044,0.2540156660993416,0.311759788457956,-0.019215568552239548,0.0003692380747858175,1,0
null,M_0,2,mu_0,0.25,0.2967206909593074,0.1648942889627479,0.4238739202997152,0.04672069095930742,0.00218282296371511,1,0
null,M_0,2,theta_0,0.0,0.09748273986746782,-0.2955501661390327,0.43077373385092327,0.09748273986746782,0.0095028845720684,1,0
null,M_0,2,sigma_proc,0.3,0.32851376520997844,0.29589677155385535,0.3606679501590217,0.028513765209978448,0.0008130348064497773,1,0
null,M_0,3,mu_0,0.25,0.19209857941389966,0.03312494229580006,0.3413418814416235,-0.057901420586100344,0.003352574505888485,1,0
null,M_0,3,theta_0,0.0,-0.15783535240512037,-0.5292659467751144,0.14309803780258792,-0.15783535240512037,0.024911998468848534,1,0
null,M_0,3,sigma_proc,0.3,0.30692989242197977,0.2770703809613793,0.3392411510711741,0.0069298924219797775,4.8023408980212744e-05,1,0
null,M_0,4,mu_0,0.25,0.08383754298837215,-0.15309952602963964,0.26249352665748216,-0.16616245701162785,0.027609962120141072,1,0
null,M_0,4,theta_0,0.0,-0.2524746879178774,-0.6758395976005909,0.0981371727106198,-0.2524746879178774,0.0637434680392296,1,0
null,M_0,4,sigma_proc,0.3,0.28714813198920475,0.2582754612212665,0.3154347586205789,-0.012851868010795242,0.00016517051136690205,1,0
null,M_E,0,mu_0,0.25,0.29509492153743017,0.15943668653856533,0.4055002902453263,0.045094921537430166,0.002033551948466983,1,0
null,M_E,0,theta_0,0.0,0.09824014416950899,-0.2941646466461921,0.43542849766618447,0.09824014416950899,0.009651125926445911,1,0
null,M_E,0,sigma_proc,0.3,0.3247791215488555,0.29236066391785687,0.3577204822159822,0.02477912154885553,0.0006140048647329566,1,0
null,M_E,0,beta_mu_B_z,0.0,-0.0464322132057271,-0.16394292506118877,0.07344873457222294,-0.0464322132057271,0.002155950423182098,1,0
null,M_E,0,beta_mu_Myeloid_z,0.0,-0.03076177840266946,-0.1453040238504053,0.0778448135460628,-0.03076177840266946,0.0009462870104949413,1,0
null,M_E,0,beta_theta_B_z,0.0,-0.14839048578454786,-0.4728204655185931,0.18319183646940862,-0.14839048578454786,0.022019736271374102,1,0
null,M_E,0,beta_theta_Myeloid_z,0.0,-0.10638455309928335,-0.4108355792597853,0.1544517641934481,-0.10638455309928335,0.011317673138134239,1,0
null,M_E,1,mu_0,0.25,0.1884454198170729,-0.03222020819302043,0.3585939264187088,-0.06155458018292709,0.0037889663414964,1,0
null,M_E,1,theta_0,0.0,-0.21568016080970007,-0.6527889496434209,0.1706992737977625,-0.21568016080970007,0.04651793176689808,1,0
null,M_E,1,sigma_proc,0.3,0.30577453865882326,0.27310458743257454,0.3345774563660016,0.0057745386588232694,3.3345296722244445e-05,1,0
null,M_E,1,beta_mu_B_z,0.0,-0.04145614470988926,-0.21281415873559884,0.11297652009537448,-0.04145614470988926,0.0017186119342072791,1,0
null,M_E,1,beta_mu_Myeloid_z,0.0,-0.1037673613083652,-0.3240950623824892,0.16820022802363307,-0.1037673613083652,0.010767665272900807,1,0
null,M_E,1,beta_theta_B_z,0.0,0.05187090976884301,-0.2480203833859738,0.4154305959201696,0.05187090976884301,0.0026905912802474533,1,0
null,M_E,1,beta_theta_Myeloid_z,0.0,-0.24136176533377948,-0.5595936635788967,0.1692083950238082,-0.24136176533377948,0.05825550176503844,1,0
null,M_E,2,mu_0,0.25,0.1922637139026358,0.010176083382431362,0.34489286902841626,-0.0577362860973642,0.0033334787323166903,1,0
null,M_E,2,theta_0,0.0,-0.0849233246741877,-0.4180287135977001,0.2917402281594227,-0.0849233246741877,0.0072119710737174976,1,0
null,M_E,2,sigma_proc,0.3,0.3170282566554154,0.28513825399739295,0.3484930887522309,0.017028256655415408,0.00028996152472269914,1,0
null,M_E,2,beta_mu_B_z,0.0,0.10440223264607668,-0.05188820667240002,0.2707968133091322,0.10440223264607668,0.010899826181485519,1,0
null,M_E,2,beta_mu_Myeloid_z,0.0,0.04240522450362864,-0.10209685587631571,0.14151145514307445,0.04240522450362864,0.0017982030652031467,1,0
null,M_E,2,beta_theta_B_z,0.0,0.03615391183464591,-0.28998558198874347,0.35444154728184185,0.03615391183464591,0.0013071053409473498,1,0
null,M_E,2,beta_theta_Myeloid_z,0.0,0.0984758598325233,-0.23733021835555482,0.3565117379439807,0.0984758598325233,0.009697494969754776,1,0
null,M_E,3,mu_0,0.25,0.2919929686999679,0.1695365673090523,0.41285484603119393,0.04199296869996788,0.0017634094202364822,1,0
null,M_E,3,theta_0,0.0,0.11600189507225415,-0.2613317785410871,0.44303944308987975,0.11600189507225415,0.013456439660354263,1,0
null,M_E,3,sigma_proc,0.3,0.30749996669842894,0.2796928111607055,0.3382777678728859,0.00749996669842895,5.624950047754325e-05,1,0
null,M_E,3,beta_mu_B_z,0.0,-0.06309991282871869,-0.19722764986382918,0.07852234018869086,-0.06309991282871869,0.003981598998991897,1,0
null,M_E,3,beta_mu_Myeloid_z,0.0,0.030161206057534626,-0.07889816014160612,0.11613096446555796,0.030161206057534626,0.0009096983508450634,1,0
null,M_E,3,beta_theta_B_z,0.0,-0.11446445402477899,-0.455481273507652,0.1949060783959339,-0.11446445402477899,0.013102111235190743,1,0
null,M_E,3,beta_theta_Myeloid_z,0.0,-0.063442854536028,-0.45258791080165406,0.2276149953759561,-0.063442854536028,0.004024995791679609,1,0
null,M_E,4,mu_0,0.25,0.30767873611288005,0.210508410646876,0.3923542598899376,0.05767873611288005,0.0033268365995792527,1,0
null,M_E,4,theta_0,0.0,0.341249128909936,0.03935798435399217,0.609606078534627,0.341249128909936,0.1164509679817901,0,0
null,M_E,4,sigma_proc,0.3,0.29733387927730187,0.267434322721694,0.32528311771530666,-0.0026661207226981176,7.108199708000333e-06,1,0
null,M_E,4,beta_mu_B_z,0.0,-0.03609345088972142,-0.10700666439982807,0.043445265031313914,-0.03609345088972142,0.001302737197128732,1,0
null,M_E,4,beta_mu_Myeloid_z,0.0,-0.004810535514353623,-0.09931764303952302,0.08714022997460286,-0.004810535514353623,2.314125193485748e-05,1,0
null,M_E,4,beta_theta_B_z,0.0,-0.08253464201951723,-0.2877488394915828,0.11066062999392737,-0.08253464201951723,0.006811967133289859,1,0
null,M_E,4,beta_theta_Myeloid_z,0.0,-0.1933756442009501,-0.48618182479723265,0.06519704664757929,-0.1933756442009501,0.037394139770132444,1,0
moderate_directional,M_0,0,mu_0,0.25,0.2849606107874748,0.16894243199687972,0.39926486815555945,0.03496061078747481,0.0012222443066333,1,0
moderate_directional,M_0,0,theta_0,0.0,-0.0019604019491060746,-0.3387202346654709,0.28171086864529954,-0.0019604019491060746,3.843175802058897e-06,1,0
moderate_directional,M_0,0,sigma_proc,0.3,0.27842043617035594,0.2537905608957427,0.306934308457673,-0.021579563829644044,0.0004656775750776815,1,0
moderate_directional,M_0,1,mu_0,0.25,0.2558746427670656,0.07885331911414936,0.3878263688874246,0.005874642767065619,3.451142764063639e-05,1,0
moderate_directional,M_0,1,theta_0,0.0,-0.11842797953381509,-0.496829290789083,0.24386843634657862,-0.11842797953381509,0.014025186336461727,1,0
moderate_directional,M_0,1,sigma_proc,0.3,0.29686504278029835,0.2702494316998656,0.32651523693426077,-0.0031349572197016395,9.827956769359434e-06,1,0
moderate_directional,M_0,2,mu_0,0.25,0.2135661041152793,0.08308867485263208,0.34533117523899864,-0.03643389588472071,0.0013274287693386686,1,0
moderate_directional,M_0,2,theta_0,0.0,0.008083605845879823,-0.30445595682110954,0.3286341989076535,0.008083605845879823,6.534468347154245e-05,1,0
moderate_directional,M_0,2,sigma_proc,0.3,0.2975491567392087,0.2650343007293374,0.32693316980935816,-0.0024508432607913133,6.006632688966197e-06,1,0
moderate_directional,M_0,3,mu_0,0.25,0.13418771101847374,-0.08115518261936609,0.32569108547979225,-0.11581228898152626,0.013412486279140549,1,0
moderate_directional,M_0,3,theta_0,0.0,-0.2987126210303723,-0.706183716377113,0.0775877655387898,-0.2987126210303723,0.08922922996283483,1,0
moderate_directional,M_0,3,sigma_proc,0.3,0.3005110313897741,0.2730929135021305,0.33131046140577397,0.000511031389774097,2.6115308133444507e-07,1,0
moderate_directional,M_0,4,mu_0,0.25,0.254573202840618,0.09994307269684863,0.40690566694901686,0.004573202840618018,2.091418422143671e-05,1,0
moderate_directional,M_0,4,theta_0,0.0,-0.08130202959922847,-0.42201674103561937,0.26557545675393873,-0.08130202959922847,0.006610020016953822,1,0
moderate_directional,M_0,4,sigma_proc,0.3,0.2979573604859826,0.2681664659256987,0.3252967475299704,-0.002042639514017397,4.172376184225228e-06,1,0
moderate_directional,M_E,0,mu_0,0.25,0.17990297801740052,0.01927686178083163,0.3359336515858433,-0.07009702198259948,0.004913592490829035,1,0
moderate_directional,M_E,0,theta_0,0.0,-0.05077831903865268,-0.3879834602425892,0.2535043110460293,-0.05077831903865268,0.002578437684391197,1,0
moderate_directional,M_E,0,sigma_proc,0.3,0.31610855196913284,0.281133756567097,0.3481554465955635,0.016108551969132856,0.000259485446542254,1,0
moderate_directional,M_E,0,beta_mu_B_z,-0.07,0.10302133116628104,-0.03934615464861472,0.2210743373799941,0.17302133116628104,0.029936381038551896,0,0
moderate_directional,M_E,0,beta_mu_Myeloid_z,0.03,0.14837268931211187,-0.03170605448674015,0.25080837550596785,0.11837268931211187,0.014012093574981763,1,0
moderate_directional,M_E,0,beta_theta_B_z,0.2,0.38198063232737034,0.06601083938634476,0.678790363902591,0.18198063232737033,0.03311695054226954,1,0
moderate_directional,M_E,0,beta_theta_Myeloid_z,-0.2,0.18868493271222816,-0.22552292008653868,0.4886709736455365,0.38868493271222815,0.15107597691750932,1,0
moderate_directional,M_E,1,mu_0,0.25,0.24768423812474374,0.07936818439856666,0.37958619260032195,-0.002315761875256256,5.3627530628903705e-06,1,0
moderate_directional,M_E,1,theta_0,0.0,-0.062003533220156656,-0.41955450386274046,0.2701070296147348,-0.062003533220156656,0.00384443813178307,1,0
moderate_directional,M_E,1,sigma_proc,0.3,0.2990655623119787,0.2694687254722192,0.32857588672347743,-0.0009344376880212613,8.731737927945199e-07,1,0
moderate_directional,M_E,1,beta_mu_B_z,-0.07,-0.06234868078756023,-0.1893206917589252,0.08347528610624913,0.007651319212439778,5.854268569065006e-05,1,0
moderate_directional,M_E,1,beta_mu_Myeloid_z,0.03,0.018363458717490913,-0.1251826529257967,0.16007420121945942,-0.011636541282509086,0.0001354090930195382,1,0
moderate_directional,M_E,1,beta_theta_B_z,0.2,0.3695761310849541,0.06452609933045318,0.6552073169734887,0.16957613108495406,0.028756064233741524,1,0
moderate_directional,M_E,1,beta_theta_Myeloid_z,-0.2,-0.33604426423739603,-0.7337049696867407,0.029088253434182823,-0.13604426423739602,0.018508041831894428,1,0
moderate_directional,M_E,2,mu_0,0.25,0.2163753985609996,0.005222054014693157,0.39976575082169097,-0.033624601439000396,0.0011306138219316275,1,0
moderate_directional,M_E,2,theta_0,0.0,-0.26121435357179346,-0.6980175390785489,0.1517991614073468,-0.26121435357179346,0.06823293851192992,1,0
moderate_directional,M_E,2,sigma_proc,0.3,0.29642216732474763,0.2669338236004445,0.3257539285065399,-0.003577832675252357,1.2800886652103439e-05,1,0
moderate_directional,M_E,2,beta_mu_B_z,-0.07,-0.10553628734986523,-0.2608813687975658,0.04393785906580723,-0.03553628734986522,0.0012628277186121908,1,0
moderate_directional,M_E,2,beta_mu_Myeloid_z,0.03,-0.034040628069562893,-0.22035348979712915,0.17592295310009773,-0.0640406280695629,0.004101202043544088,1,0
moderate_directional,M_E,2,beta_theta_B_z,0.2,0.043438415490379995,-0.2614890698737586,0.30307038076531084,-0.15656158450962002,0.02451152974416289,1,0
moderate_directional,M_E,2,beta_theta_Myeloid_z,-0.2,-0.3205203666511216,-0.6750343214804223,0.009808487773464233,-0.12052036665112159,0.014525158777720782,1,0
moderate_directional,M_E,3,mu_0,0.25,0.1578296048238703,-0.02267293830005028,0.325224178089483,-0.09217039517612971,0.008495381746923915,1,0
moderate_directional,M_E,3,theta_0,0.0,-0.10334844362213605,-0.46638780992025713,0.2576924447785367,-0.10334844362213605,0.010680900799117833,1,0
moderate_directional,M_E,3,sigma_proc,0.3,0.2992580588598392,0.26957757758579887,0.3283782317436382,-0.0007419411401607956,5.504766554631014e-07,1,0
moderate_directional,M_E,3,beta_mu_B_z,-0.07,-0.031694683998942465,-0.1734433376230964,0.12014789964565484,0.03830531600105754,0.001467297233940875,1,0
moderate_directional,M_E,3,beta_mu_Myeloid_z,0.03,0.07339215854673767,-0.046176013285126334,0.18838441231200337,0.04339215854673767,0.001882879423345219,1,0
moderate_directional,M_E,3,beta_theta_B_z,0.2,0.20637995582506855,-0.03760019814135188,0.47239484423544514,0.006379955825068534,4.0703836329825915e-05,1,0
moderate_directional,M_E,3,beta_theta_Myeloid_z,-0.2,-0.0721728069253367,-0.3644836837614494,0.1802566562435434,0.1278271930746633,0.01633979128934725,1,0
moderate_directional,M_E,4,mu_0,0.25,0.1720035531967718,0.01919363470414027,0.31783519207485245,-0.0779964468032282,0.006083445713928807,1,0
moderate_directional,M_E,4,theta_0,0.0,0.051211527448528506,-0.2756153864205645,0.3670021483964943,0.051211527448528506,0.0026226205436113885,1,0
moderate_directional,M_E,4,sigma_proc,0.3,0.2873885595373628,0.2578532670356129,0.31813333872203187,-0.01261144046263718,0.0001590484305426423,1,0
moderate_directional,M_E,4,beta_mu_B_z,-0.07,0.009076385337949553,-0.11559194586777471,0.1605972514546597,0.07907638533794956,0.0062530747181158836,1,0
moderate_directional,M_E,4,beta_mu_Myeloid_z,0.03,0.07259560943630894,-0.06132062503107176,0.18659753610687133,0.04259560943630894,0.0018143859432505711,1,0
moderate_directional,M_E,4,beta_theta_B_z,0.2,0.18895830737445415,-0.09553628362762283,0.469096686566763,-0.011041692625545857,0.00012191897603703375,1,0
moderate_directional,M_E,4,beta_theta_Myeloid_z,-0.2,-0.048056405951665306,-0.38543578752457286,0.2250214820056128,0.1519435940483347,0.023086855772325134,1,0
